{
  "train": {
    "step": [
      1000,
      2000,
      3000,
      4000,
      5000,
      6000,
      7000,
      8000,
      9000,
      10000,
      11000,
      12000,
      13000,
      14000,
      15000,
      16000,
      17000,
      18000,
      19000,
      20000,
      21000,
      22000,
      23000,
      24000,
      25000,
      26000,
      27000,
      28000,
      29000,
      30000,
      31000,
      32000,
      33000,
      34000,
      35000,
      36000,
      37000,
      38000,
      39000,
      40000,
      41000,
      42000,
      43000,
      44000,
      45000,
      46000,
      47000,
      48000,
      49000,
      50000,
      51000,
      52000,
      53000,
      54000,
      55000,
      56000,
      57000,
      58000,
      59000,
      60000,
      61000,
      62000,
      63000,
      64000,
      65000,
      66000,
      67000,
      68000,
      69000,
      70000,
      71000,
      72000,
      73000,
      74000,
      75000,
      76000,
      77000,
      78000,
      79000,
      80000,
      81000,
      82000,
      83000,
      84000,
      85000,
      86000,
      87000,
      88000,
      89000,
      90000,
      91000,
      92000,
      93000,
      94000,
      95000,
      96000,
      97000,
      98000,
      99000,
      100000,
      101000,
      102000,
      103000,
      104000,
      105000,
      106000,
      107000,
      108000,
      109000,
      110000,
      111000,
      112000,
      113000,
      114000,
      115000,
      116000,
      117000,
      118000,
      119000,
      120000,
      121000,
      122000,
      123000,
      124000,
      125000,
      126000,
      127000,
      128000,
      129000,
      130000,
      131000,
      132000,
      133000,
      134000,
      135000,
      136000,
      137000,
      138000,
      139000,
      140000,
      141000,
      142000,
      143000,
      144000,
      145000,
      146000,
      147000,
      148000,
      149000,
      150000
    ],
    "V_loss": [
      0.1478488975136605,
      0.16774569896846764,
      0.2081805905392472,
      0.21324145842962594,
      0.22278190060981057,
      0.2424379645193289,
      0.25667974340020605,
      0.24876045655563728,
      0.27759402660021865,
      0.2656357985227803,
      0.2641614787174015,
      0.2905082237788972,
      0.28875099361151224,
      0.29819634274532425,
      0.3017087035877782,
      0.3129805971531845,
      0.29327694977349794,
      0.3665251141375101,
      0.289545085739948,
      0.28358019791113775,
      0.293652667015389,
      0.28039435979796773,
      0.30417435127297765,
      0.29790068375592876,
      0.31835319875597196,
      0.3146161170954318,
      0.2802026168965242,
      0.2635445565694515,
      0.2899076014406827,
      0.276083049257481,
      0.2708620161079714,
      0.2671162331547162,
      0.2684106390482569,
      0.26723944439639435,
      0.25350703751720643,
      0.25760467125262027,
      0.26357454172945055,
      0.24341691284284436,
      0.2411610393275096,
      0.26710326159522263,
      0.23402035699625873,
      0.23582807718875515,
      0.21547733737289396,
      0.2174302037354646,
      0.21077677859976549,
      0.21650834268556063,
      0.2139307300088334,
      0.2283081465764988,
      0.2061155160136715,
      0.19270497084029364,
      0.1914558420737127,
      0.18545170549054024,
      0.20472812921177122,
      0.1831437889685646,
      0.1808157892640655,
      0.177345901470077,
      0.18060509724236481,
      0.19767649327700992,
      0.16462343158518908,
      0.17724759937677098,
      0.17667888067838428,
      0.16265244336003473,
      0.15651091069114662,
      0.15257990292536924,
      0.14714386798558415,
      0.16440686861471887,
      0.156845526081174,
      0.15075347707427347,
      0.14705008765095237,
      0.14868556780478195,
      0.13919967380226395,
      0.15773992810565907,
      0.150658093007523,
      0.16134756654301433,
      0.1672171099347383,
      0.15259210960223296,
      0.13526312438378035,
      0.1481249846012219,
      0.14656157886267837,
      0.15240861079035298,
      0.14510002889935308,
      0.1477848570535077,
      0.14454084486918237,
      0.1576659528868873,
      0.14241707326413988,
      0.14457606059502673,
      0.13166148242637027,
      0.14420513822387973,
      0.17454390913573756,
      0.13410610065690898,
      0.13211510795881576,
      0.13454430886193872,
      0.14587707807169129,
      0.13306606797928267,
      0.14320233168534363,
      0.14882517803695033,
      0.1370037206132801,
      0.140164494617923,
      0.13907877303029398,
      0.14568393935443982,
      0.1343382521242567,
      0.12180883555664092,
      0.14685209989646156,
      0.1682110325700552,
      0.13008674971022882,
      0.12867386773202025,
      0.12709336555393697,
      0.1619681623084535,
      0.12889015555969346,
      0.13770540498622114,
      0.12338596182187843,
      0.14711866590511524,
      0.13013619857122713,
      0.14422437393031085,
      0.12996792796846995,
      0.13796302764238616,
      0.15021652371239208,
      0.14016954408385335,
      0.1362538249781006,
      0.14956105106145404,
      0.1393889249635073,
      0.12588193018400884,
      0.13805052423322842,
      0.15165124176437073,
      0.12836063722835314,
      0.1241806327895468,
      0.1544357130797833,
      0.14096950426982577,
      0.11886647440419487,
      0.12880938556698585,
      0.14273373900133773,
      0.16012779728656953,
      0.13856094864664054,
      0.1325638361557098,
      0.1488316185633392,
      0.13204327067083368,
      0.15869222487278362,
      0.12904629272303872,
      0.19100594729597817,
      0.12999672255384237,
      0.13916624326078803,
      0.12844566476515878,
      0.13086121827923985,
      0.13306574905615154,
      0.13603948709381783,
      0.12636850966628357,
      0.1500042913494374,
      0.12095451326531446,
      0.13680979867376675,
      0.132590758147694
    ],